text,label
 đang không được,Ý định từ chối
 nó không có cho đóng chị,Ý định từ chối
 anh hết tiền rồi mai anh trả nha,Ý định từ chối
 anh hết tiền rồi ngày mai anh giống như em ơi,Ý định từ chối
 mai cả nhà em ơi anh hết tiền rồi,Ý định từ chối
 à tại vì những chị ơi tại gì cũng muốn đi dạo này dịch bệnh đi nó không cho ra đường đi em biết đi,Ý định từ chối
 không em có chỗ em đang không đi qua được,Ý định từ chối
 đang ở khu cách ly chắc là phải giải không nói chị,Ý định từ chối
 nay em 00 ra ngoài được rồi,Ý định từ chối
 cắm hết trơn rồi đó không có cho ra ngoài,Ý định từ chối
 đâu có đi ra ngoài đúng rồi em anh đâu có đi ra được không,Ý định từ chối
 không đâu em ơi,Ý định từ chối
 đi ra đường không có,Ý định từ chối
 được không có đi không tiền không có làm được chưa có tiền để chắc chắn sau đóng rồi tháng sau có làm mới có tiền bây giờ,Ý định từ chối
 có đi ra đường được đâu em ơi,Ý định từ chối
 đi lại bình thường thì em đi thanh toán qua cửa hàng viettel mà bây giờ đâu có em bị ngăn cách đi tới mười mấy tây 15 tây,Ý định từ chối
 không rõ nha,Ý định từ chối
 để em đi nó ngại em nói em không đang cách ly ở trên cái nha chị,Ý định từ chối
 không được rồi chị,Ý định từ chối
 có nghĩa là bây giờ đi không được,Ý định từ chối
 em  không đi ra ngoài rồi nói chuyện bây giờ mình phải về tháng sau,Ý định từ chối
 truyện tranh thủ với giờ tháng này đâu làm ăn gì được đâu đâu đâu cho đi làm đâu làm,Ý định từ chối
 chưa thanh toán,Ý định từ chối
 chỉ cách ly rồi đó,Ý định từ chối
 dạ chị em đang ở trong cái khung thành gian cách ly các em không có đi lại được không có thì sao,Ý định từ chối
 không thấy,Ý định từ chối
 chả biết đâu,Ý định từ chối
 dạ hông tại gì nói chị nghe là chỗ của em nó đang bị dương tính 12 ca rồi ép,Ý định từ chối
 đừng có nhắn rồi anh cũng không hứa được bây giờ,Ý định từ chối
 rồi cái này thì anh tính sau nhé,Ý định từ chối
 không không đi làm nha mai thì làm,Ý định từ chối
 em có thể rồi nhưng mà đóng cửa em không biết đường đóng do chốt chặn hết trơn rồi đi đâu cũng không được,Ý định từ chối
 em cũng chưa biết nữa tại vì bây giờ  mình nhờ người ta,Ý định từ chối
 nhưng mà giờ em đi thanh toán không có ra ngoài được,Ý định từ chối
 ủa chị ơi bây giờ em đâu có đi được đâu mà đóng tiền được,Ý định từ chối
 chưa chị  em chưa em,Ý định từ chối
 không đâu,Ý định từ chối
 không đâu nào phải,Ý định từ chối
 ờ  em ơi cho chị hỏi cái hiện tại thì không mua bán làm ăn được của bên ngân hàng có hỗ trợ được cái gì không em,Ý định từ chối
 em  không có ra đường được không có giấy là được,Ý định từ chối
 em đang ở khu cách ly  chị ơi,Ý định từ chối
 nhẽ ra em đang cố chị ơi,Ý định từ chối
 bữa nay xã hội có đi đâu được đâu,Ý định từ chối
 không được nha,Ý định từ chối
 cuối tháng để cách ly rồi,Ý định từ chối
 anh không  trả tiền được em ơi,Ý định từ chối
 chỗ anh bị phong tỏa  em ơi,Ý định từ chối
 vợ chồng anh đang bị phong toả lại không đi đâu được em ơi,Ý định từ chối
 tháng này hơi chậm chút nè,Ý định từ chối
 chậm  một ngày  hai ngày,Ý định từ chối
 vài bữa nữa được không,Ý định từ chối
 tháng này chị trễ  một bữa nhé,Ý định từ chối
 có thể chị chuyển trễ  mấy ngày,Ý định từ chối
 tháng này anh đóng trễ,Ý định từ chối
 cho anh trễ độ một tuần được không,Ý định từ chối
 chậm một hai ngày gì đó,Ý định từ chối
 chị chuyển trễ  mấy ngày,Ý định từ chối
 từ từ rồi anh đóng,Ý định từ chối
 Thôi để từ từ anh đóng sau em nhé,Ý định từ chối
 không đúng  không đúng,Ý định từ chối
 ờ để anh xem như nào chứ bây giờ tình hình căng qua em ơi,Ý định từ chối
 không em ơi anh  bận lắm,Ý định từ chối
 mình đang không được ra khỏi nhà bạn,Ý định từ chối
 hôm nay  không,Ý định từ chối
 ngày thì hơi khó em,Ý định từ chối
 nhưng không phải,Ý định từ chối
 để chị xem đã nha,Ý định từ chối
 chả,Ý định từ chối
 hôm nay  không  không được em không được,Ý định từ chối
 không quen biết ai,Ý định từ chối
 không được không chỉ đóng,Ý định từ chối
 để anh sắp xếp xem nhé,Ý định từ chối
 sao chị  làm gì có tiền  thanh toán ngay được,Ý định từ chối
 không cần sau nha,Ý định từ chối
 không được rồi em,Ý định từ chối
 không được chứ,Ý định từ chối
 không giống em ơi,Ý định từ chối
 không có,Ý định từ chối
 đợi em nhé,Ý định từ chối
 ờ để anh sắp xếp xem như thế nào,Ý định từ chối
 không nha em,Ý định từ chối
 không phải  em nha,Ý định từ chối
 không được  em ạ tiền của anh vợ thu hết rồi em ạ,Ý định từ chối
 anh bị cô biết rồi không đi đóng được em ạ,Ý định từ chối
 chị  không  em ạ,Ý định từ chối
 ờ không  em,Ý định từ chối
 không được em ạ,Ý định từ chối
 không phải  em ơi,Ý định từ chối
 không được em nhé,Ý định từ chối
 anh  không nhớ,Ý định từ chối
 chả biết ai cả,Ý định từ chối
 chị vừa đóng tiền nhà xong hết tiền rồi,Ý định từ chối
 bọn mày bị điên à,Ý định từ chối
 em hãy chuyển đổi lương chưa về,Ý định từ chối
 con lừa đảo,Ý định từ chối
 bữa nay chưa có tiền vậy,Ý định từ chối
 chị  trừ vào lương mà,Ý định từ chối
 không được em  không có tiền trả điện thoại đây,Ý định từ chối
 tiền đâu mà thanh toán,Ý định từ chối
 trả sau đi có gì báo sau,Ý định từ chối
 bên em lừa anh à sao lại có phí gì nữa,Ý định từ chối
 lúc ký thì không nói giờ phát sinh thêm phí thu hộ nữa à,Ý định từ chối
 sao tiền đóng tháng này cao thế,Ý định từ chối
 phí gì mà lắm,Ý định từ chối
 phí gì nhiều dữ,Ý định từ chối
 ủa tháng này phí cao quá vậy anh  không đóng đâu,Ý định từ chối
 bên em thu thêm phí phạt nên anh  không trả đâu nha,Ý định từ chối
 phí phạt bên em cao quá,Ý định từ chối
 anh  chưa nhận thông báo  em ơi,Ý định từ chối
 anh  chưa thấy tin nhắn gì hết trơn,Ý định từ chối
 sao anh  chưa nhận được cái tin nhắn nào báo nợ em nhỉ,Ý định từ chối
 ủa bên em đã gửi thông báo cho anh chưa,Ý định từ chối
 anh đợi hoài mà không thấy ai nhắn,Ý định từ chối
 anh  đã nhận thông tin gì đâu,Ý định từ chối
 chưa thấy tin nhắn nhắc,Ý định từ chối
 chưa nhận được tin,Ý định từ chối
 tháng này anh  chậm lương để sau đi,Ý định từ chối
 Thứ 7  chưa phát lương,Ý định từ chối
 người ta chưa chuyển khoản được,Ý định từ chối
 công ty chưa trả chuyển lương,Ý định từ chối
 công ty nó cắt lương làm sao có tiền trả cho chị được,Ý định từ chối
 bây giờ  em  chưa có lương chị ạ,Ý định từ chối
 tháng này bị trừ lương nên thiếu tiền trả chị ạ,Ý định từ chối
 ngày 5 công ty mới trả lương,Ý định từ chối
 chị thông cảm tại vì mai  mới có lương,Ý định từ chối
 chú phải chờ lương vì vài ngày nữa mới có,Ý định từ chối
 em bị trễ lương  mấy ngày,Ý định từ chối
 chưa có lương,Ý định từ chối
 tháng này  lương chậm nên vài hôm nữa trả nha,Ý định từ chối
 em bị chậm lương,Ý định từ chối
 vài ngày nữa  nhận lương rồi em trả,Ý định từ chối
 tháng này dịch nên lương về chậm  vài ngày có em trả liền,Ý định từ chối
 anh  chưa lấy được lương em ạ,Ý định từ chối
 vài bữa  có lương anh đóng luôn,Ý định từ chối
 lương  anh bị công ty giữ lại rồi,Ý định từ chối
 công ty anh đang giam lương  không có tiền trả,Ý định từ chối
 nay nghỉ lễ qua tuần công ty mới phát lương,Ý định từ chối
 hôm nay  lương chậm nên mai đóng nha,Ý định từ chối
 nhân viên của bên em  bố láo  chửi mắng khách hàng bây giờ  anh không có vừa lòng đâu nhé,Ý định từ chối
 có bạn kia gọi đến quát mắng chị nên chị không trả nữa đâu,Ý định từ chối
 nhân viên bên em  thái độ  lồi lõm quá,Ý định từ chối
 bên em làm ăn mất dạy bố láo quá anh  không trả nữa đâu,Ý định từ chối
 bên em  giải quyết kém  không trả nữa,Ý định từ chối
 ăn nói mất dạy,Ý định từ chối
 nhân viên bên em quát  mắng,Ý định từ chối
 em  đăng ký hộ thôi chứ em  không liên quan,Ý định từ chối
 anh  vay hộ chị anh chứ anh không có biết,Ý định từ chối
 ký hộ thôi chứ có biết gì đâu,Ý định từ chối
 bạn anh vay chưa anh không vay,Ý định từ chối
 anh chỉ mượn hộ bạn anh thôi chứ anh không phải người vay,Ý định từ chối
 chỉ làm hồ sơ hộ thôi em,Ý định từ chối
 anh  vay giúp thôi,Ý định từ chối
 anh chỉ đăng ký giùm thôi em,Ý định từ chối
 anh chỉ đứng tên trên hợp đồng thôi em,Ý định từ chối
 chưa đến  10 tây mà em,Ý định từ chối
 chưa đến hạn đóng tiền mà em,Ý định từ chối
 chưa đến lịch trả tiền mà,Ý định từ chối
 chưa tới ngày đóng mà sao em nhắc hoài vậy,Ý định từ chối
 còn lâu mới tới hạn  đóng mà,Ý định từ chối
 còn mấy ngày nữa mới phải đóng mà,Ý định từ chối
 đã tới hạn đâu mà trả tiền,Ý định từ chối
 gần tới hạn  anh mới đóng nha,Ý định từ chối
 anh đã nói là đúng ngày  anh mới đóng,Ý định từ chối
 anh  không đóng trước đâu,Ý định từ chối
 chờ đến hạn rồi trả nhé em,Ý định từ chối
 anh đang có chuyện buồn nên không tiện,Ý định từ chối
 anh đang về quê làm đám tang,Ý định từ chối
 người thân vừa mất,Ý định từ chối
 đang làm đám tang có gì nói sau,Ý định từ chối
 đang lo ma chay trong nhà,Ý định từ chối
 mẹ  anh vừa qua đời,Ý định từ chối
 nhà có người vừa mới qua đời nói chuyện sau đi,Ý định từ chối
 nhà đang có tang bận lắm em ơi,Ý định từ chối
 em đọc nhầm hồ sơ vay rồi,Ý định từ chối
 em ơi hình như không phải số tiền đó em à,Ý định từ chối
 tôi  không vay khoản này,Ý định từ chối
 nhưng sai thông tin rồi em ạ,Ý định từ chối
 em nói lộn hồ sơ rồi,Ý định từ chối
 mã hợp đồng không đúng,Ý định từ chối
 bên em thu lãi cao quá,Ý định từ chối
 lãi cao quá không đóng đâu,Ý định từ chối
 bên em làm ăn lừa đảo thu lãi cắt cổ  anh  không trả đâu,Ý định từ chối
 lãi như vậy ai chơi lại,Ý định từ chối
 lãi suất cao quá anh  không đủ tiền đóng,Ý định từ chối
 lừa đảo à lãi cao,Ý định từ chối
 không đóng bên em lừa anh vay lãi cao,Ý định từ chối
 tiền lãi cao vậy anh  không đóng đâu,Ý định từ chối
 phần trăm cao ngất ngưởng ai chịu cho nổi,Ý định từ chối
 không  em ơi lãi suất của bên em cao thì anh  không đóng nữa nhé,Ý định từ chối
 anh đang đi viện  em ạ,Ý định từ chối
 đang trong viện chăm người ốm  em ơi,Ý định từ chối
 anh đang chăm sóc người thân trong viện nên chưa tiện trả cho em,Ý định từ chối
 anh đang bị cách ly  covid  em ạ,Ý định từ chối
 anh đang phải cách ly tại nhà nên không đi đâu được,Ý định từ chối
 em ơi anh đang bị cách ly  covid thì bây giờ không đi đóng được đâu em ạ,Ý định từ chối
 bây giờ đang ở cách ly  một tháng nữa  anh được mới ra chứ bây giờ không đi được nha,Ý định từ chối
 Anh đang bị cách ly  covid  em ơi,Ý định từ chối
 đang lụt lội không đi đâu được,Ý định từ chối
 đang lũ lụt không đi đóng được,Ý định từ chối
 khu anh ở bị ngập hết rồi,Ý định từ chối
 vùng anh sống bị sạt lở  em à,Ý định từ chối
 đang bão sao đi đóng tiền được,Ý định từ chối
 mưa lắm chưa đi đâu được đâu,Ý định từ chối
 nay trời mưa to nên chưa ra ngoài được,Ý định từ chối
 trời mưa to không làm gì được đâu,Ý định từ chối
 tao đã bảo mưa gió rồi,Ý định từ chối
 bão nó to quá anh không đi đóng được em ơi,Ý định từ chối
 anh  đăng ký trừ lương tự động mà,Ý định từ chối
 tự trừ vào lương mà em,Ý định từ chối
 tự trích lương hàng tháng mà sao em đòi anh nữa,Ý định từ chối
 em nhớ là tự động trừ vào lương mà,Ý định từ chối
 em  đóng tiền theo lương rồi mà chị,Ý định từ chối
 cái này anh  đăng ký trừ lương tự động mà sao em đòi anh vậy,Ý định từ chối
 dạ tại nay em đi làm đêm mai em đi đóng,Ý định từ chối
 bố mày đéo thích,Ý định từ chối
 đụ má gọi hoài,Ý định từ chối
 câm mẹ mồm đi,Ý định từ chối
 câm,Ý định từ chối
 bố mày  đéo trả nhé,Ý định từ chối
 hình như mã hợp đồng bị sai,Ý định từ chối
 sai thông tin rồi em,Ý định từ chối
 ừ anh  chưa đi đóng được em ơi,Ý định từ chối
 chắc chưa thanh toán được em ạ,Ý định từ chối
 chị  không có tiền  em ơi,Ý định từ chối
 trong thẻ của em  có tiền là trừ được đúng không,Ý định từ chối
 anh có tiền trong tài khoản cứ trừ thôi,Ý định từ chối
 tài khoản còn tiền là tự động nó trừ mà em,Ý định từ chối
 sao hổm trừ vô tài khoản  anh mà,Ý định từ chối
 để trong thẻ lại tiền mà,Ý định từ chối
 trừ lương trong tài khoản,Ý định từ chối
 sao kêu là ấy qua tài khoản trừ,Ý định từ chối
 hết tiền còn đâu mà đóng,Ý định từ chối
 ừ chắc lại mai anh đón chứ bây giờ anh không có tiền nhé,Ý định từ chối
 hôm nay được anh chưa có tiền nhé,Ý định từ chối
 anh  hết tiền rồi qua anh trả không em,Ý định từ chối
 chưa biết  mày,Ý định từ chối
 để em hỏi người thân quá em ơi,Ý định từ chối
 mời cả đi không có tiền,Ý định từ chối
 để sau đi em,Ý định từ chối
 anh  em  chưa biết nữa,Ý định từ chối
 trời mưa quá trời ơi đóng được,Ý định từ chối
 tết ông sao đi em,Ý định từ chối
 anh bảo nhầm máy rồi mà,Ý định từ chối
 em cho anh vay đi rồi anh trả cho,Ý định từ chối
 không phải,Ý định từ chối
 đóng sau đi em,Ý định từ chối
 không được,Ý định từ chối
 lộn số rồi em,Ý định từ chối
 nhầm máy rồi em ơi,Ý định từ chối
 hông,Ý định từ chối
 không,Ý định từ chối
 lộn số rồi,Ý định từ chối
 nhầm rồi,Ý định từ chối
 không biết,Ý định từ chối
 sai,Ý định từ chối
 không đúng,Ý định từ chối
 dạ không,Ý định từ chối
 chả đúng,Ý định từ chối
 anh  không,Ý định từ chối
 không  em,Ý định từ chối
 anh  hết tiền rồi,Ý định từ chối
 đang mưa gió chưa đi đóng,Ý định từ chối
 mưa gió to lắm không đi đâu,Ý định từ chối
 trời đang bão không đi đóng,Ý định từ chối
 đang kẹt lương em ạ,Ý định từ chối
 anh  chưa có lương,Ý định từ chối
 còn tiền đâu mà đóng,Ý định từ chối
 không có tiền  hết tiền rồi,Ý định từ chối
 anh đang bận gọi sau nha,Bận
 đang bận rồi,Bận
 anh đang bận có gì gọi sau nha,Bận
 000 đang bận đang bận nha,Bận
 anh đang bận,Bận
 anh đang bận rồi gọi sau nhé,Bận
 ở giờ anh đang bận đấy thì có gì nói sau nhé,Bận
 anh đang bận em ơi,Bận
 không rồi em ơi anh đang bận,Bận
 hôm nay chị bận rồi,Bận
 anh ơi anh đang bận thì có gì em nói sau nhé,Bận
 đang bận nha,Bận
 thôi nha đang bận nhá,Bận
 anh đang bận nam anh đang họp,Bận
 bận em ơi,Bận
 không tỏ ra bận,Bận
 à hôm nay ở đây ngoài việc cho nên,Bận
 không bọn thành đang bận rồi,Bận
 anh đang làm răng lẽ anh đang qua anh đang bận tí sau nha,Bận
 bận không có cho đi ra ngoài được rồi em không có đi làm không có đèn,Bận
 người ta đang bận,Bận
 anh đang bận làm,Bận
 à hôm qua quá bận bận lắm,Bận
 bận rồi em ra ngoài mà giờ ở trong sau được,Bận
 bận rồi tắt lấy đâu ra ngoài đâu chị,Bận
 ngày chủ nhật mấy cái chỗ bưu điện não làm việc mà cả sáng mai đây,Bận
 hắn bận rồi mà,Bận
 bây giờ đang bận ra được rồi,Bận
 em bận rồi,Bận
 em rồi mà bận rồi,Bận
 không có được cơ anh đang bận buôn bán rồi,Bận
 không có mà má đang bận không có được rồi,Bận
 đang bận rồi chị ơi,Bận
 khoảng cho công ty bận em rồi em lại nghe,Bận
 đang bận chút nha,Bận
 không có bận không có,Bận
 bận không có nhà rồi mà em được rồi em,Bận
 thanh toán mà bận rồi bình tĩnh đâu có được rồi,Bận
 nghe máy này nó hỏi làm việc đây,Bận
 nhất là đang bận đi làm được không có cho nên mình có trên không nhật bận rồi,Bận
 dạ tại đang bận rồi không được chị ơi,Bận
 thêm mà là ở đây không đi được,Bận
 chả nói anh đang bận rồi,Bận
 chị ơi đang đang bận tiền,Bận
 à không có ai đã đang bận chị,Bận
 không chỉ đóng cho anh đang bận ra ngoài,Bận
 không chị ngày rồi sao,Bận
 thanh toán chuyển khoản qua bận rồi anh kiểm tra lại đây ngoài,Bận
 chắc cũng hơi khó mà tại vì anh chưa đúng tinh đang bận sao ai mà sao khó quá,Bận
 không phải là không có vấn đề là bận rồi chả là ngày mai hai tay em mấy cái đó không,Bận
 nhà cô đi công chuyện thôi,Bận
 anh đang bận việc,Bận
 tôi đang bận nha,Bận
 dạ gọi lại đi ăn tối rồi,Bận
 nấm bận việc,Bận
 đó là bận công ty nhầm,Bận
 bây giờ đang bận em đóng,Bận
 đúng là bận lắm luôn đó chị đâu,Bận
 không tiện,Bận
 anh đang bận rồi,Bận
 em bận em thanh toán đúng ngày,Bận
 không rảnh để sao cho chị nói chỗ ấy chỗ chuyện đó bị không dùng hết bước lại chỗ nào khác mà,Bận
 chị bận lắm gọi lại cho,Bận
 chị bận  mai chị thanh toán cho,Bận
 không có gì  ngày mai toán đi chứ hôm nay em không có thời gian,Bận
 hôm nay chị bận rồi ngày mai là không em,Bận
 đang ở trường chưa đi đóng được,Bận
 đang tăng ca không đóng được,Bận
 nhà đang nhiều việc không đi đóng được,Bận
 nhà bao việc đóng cái gì,Bận
 đi tham quan với nhà rồi,Bận
 đang ở ngoài đảo trả tiền kiểu gì,Bận
 đang đi biển có chỗ nào đâu mà đóng,Bận
 đang đi du lịch thời gian đâu mà trả tiền,Bận
 đang đi biển em ơi,Bận
 công ty anh đang đi du lịch em ạ,Bận
 anh đang đi công tác với cơ quan rồi,Bận
 anh đang đi du lịch với gia đình rồi,Bận
 anh bận  công tác em ạ,Bận
 anh đang về quê nên không có điểm thanh toán,Bận
 anh đang đi biển sao đóng tiền,Bận
 hôm nay anh đi đang không ở nhà chắc là nó thế mà để mai được không em,Bận
 thôi bận lắm giờ không có thời gian đâu mà đóng,Bận
 không được em hôm nay chị chơi rồi,Bận
 anh đang bay,Bận
 ừ anh đang bận quá chưa thanh toán được cơ mà,Bận
 anh đang bận có gọi sao em ơi,Bận
 anh đang bận quá chưa thanh toán được em ơi,Bận
 ừ lần anh bận quá nên chưa đi đóng được em đây,Bận
 anh đang đi công chuyện,Bận
 không rảnh,Bận
 gọi sau nhé,Bận
 anh đang không tiện nói chuyện em ơi,Bận
 mình đang làm nha,Bận
 đang họp,Bận
 đang ngoài đường,Bận
 đang chạy xe,Bận
 gọi lại sau nha,Bận
 bận rồi nha,Bận
 đang làm việc,Bận
 đang bận,Bận
 hôm nay là ngày mấy,Hỏi ngày hiện tại
 hôm nay là ngày mấy em,Hỏi ngày hiện tại
 hôm nay là ngày bao nhiêu em,Hỏi ngày hiện tại
 hôm nay là mấy ngày bao nhiêu chị ơi,Hỏi ngày hiện tại
 hôm nay là ngày máy ạ,Hỏi ngày hiện tại
 hôm nay là ngày mà em ơi,Hỏi ngày hiện tại
 ngày hôm nay là ngày hôm nay là hợp đồng là hoạt động cuối cùng,Hỏi ngày hiện tại
 hôm nay là bao nhiêu,Hỏi ngày hiện tại
 nay là ngày bao nhiêu em,Hỏi ngày hiện tại
 đây là ngày bao nhiêu em,Hỏi ngày hiện tại
 hôm nay là ngày nào em,Hỏi ngày hiện tại
 nay là ngày nào em,Hỏi ngày hiện tại
 Hôm nay là thứ mấy,Hỏi ngày hiện tại
 bữa nay là ngày mấy,Hỏi ngày hiện tại
 nay nhiêu rồi em,Hỏi ngày hiện tại
 số tiền,Hỏi lại thông tin khoản vay
 mà đi đóng được cái gì,Hỏi lại thông tin khoản vay
 nói gì em,Hỏi lại thông tin khoản vay
 cái này là chị của em nhỉ có gì em nói đi em nhắn lại cho,Hỏi lại thông tin khoản vay
 bao nhiêu chị,Hỏi lại thông tin khoản vay
 không được em tháng cái gì không,Hỏi lại thông tin khoản vay
 cái gì trời,Hỏi lại thông tin khoản vay
 gì vậy,Hỏi lại thông tin khoản vay
 cái gì đấy,Hỏi lại thông tin khoản vay
 gì ạ,Hỏi lại thông tin khoản vay
 bao nhiêu tiền hả,Hỏi lại thông tin khoản vay
 ủa nói lại coi chị nói lại coi,Hỏi lại thông tin khoản vay
 à cái gì không,Hỏi lại thông tin khoản vay
 cái gì em,Hỏi lại thông tin khoản vay
 tiền gì vậy,Hỏi lại thông tin khoản vay
 không có gì đâu,Hỏi lại thông tin khoản vay
 cái nói chuyện cái kiểu gì,Hỏi lại thông tin khoản vay
 tiền gì không,Hỏi lại thông tin khoản vay
 dạ tại gì cả,Hỏi lại thông tin khoản vay
 tiền gì,Hỏi lại thông tin khoản vay
 kiểm tra cái đó em ơi,Hỏi lại thông tin khoản vay
 cái gì không chị,Hỏi lại thông tin khoản vay
 cái gì không em,Hỏi lại thông tin khoản vay
 à cái gì nữa,Hỏi lại thông tin khoản vay
 à cái gì em nói em nghe rõ,Hỏi lại thông tin khoản vay
 em nói gì chả hiểu gì cả,Hỏi lại thông tin khoản vay
 cái gì chị,Hỏi lại thông tin khoản vay
 em đóng tiền gì,Hỏi lại thông tin khoản vay
 nhưng mà bây giờ  em không có số hợp đồng biết thanh toán kiểu gì ý,Hỏi lại thông tin khoản vay
 nói gì chị,Hỏi lại thông tin khoản vay
 nay bao nhiêu đó,Hỏi lại thông tin khoản vay
 bao nhiêu,Hỏi lại thông tin khoản vay
 có bao nhiêu ạ,Hỏi lại thông tin khoản vay
 đọc lại số tiền giúp  anh với,Hỏi lại thông tin khoản vay
 đóng bao nhiêu tiền vậy em,Hỏi lại thông tin khoản vay
 nó lại cho tiền giùm anh cái,Hỏi lại thông tin khoản vay
 anh đang không biết đóng bao nhiêu tiền,Hỏi lại thông tin khoản vay
 bao nhiêu tiền vậy em,Hỏi lại thông tin khoản vay
 nó lại số tiền với anh,Hỏi lại thông tin khoản vay
 chị anh cách đóng tiền đi em,Cách thanh toán
 anh thanh toán qua thẻ,Cách thanh toán
 anh thanh toán ở điện máy xanh đi,Cách thanh toán
 chắc là để ai đưa em ơi,Cách thanh toán
 tính nóng bằng cách chuyển khoản,Cách thanh toán
 anh ơi chuyển tiền qua thế nào nhé,Cách thanh toán
 tôi muốn hỏi là mình có các hình thức thanh toán nào khi chuyển khoản là đóng tiền qua momo hay là thanh toán qua đâu,Cách thanh toán
 cách nấu,Cách thanh toán
 em thông cảm không có cho đi ra đường tí biết đóng ở đâu bây giờ,Cách thanh toán
 nhầm rồi bây giờ ở đâu đóng có đâu,Cách thanh toán
 giờ thì anh thanh toán thì bây giờ đóng cửa anh thanh toán nhau nhờ anh không biết là,Cách thanh toán
 đóng chỗ nào,Cách thanh toán
 em thanh toán đâu chị ạ,Cách thanh toán
 nhạc mấy giờ đóng ở đâu thế giới di động ở đâu,Cách thanh toán
 bằng cách nào,Cách thanh toán
 chỉ đóng không,Cách thanh toán
 được mà bây giờ gửi đâu bây giờ đi thanh toán đâu nhận ở đâu ở đó đâu,Cách thanh toán
 tôi nói chỉ đóng đóng hộp được đóng bằng cách nào đây,Cách thanh toán
 giờ đang ở trong cách lại lần chơi chơi đâu,Cách thanh toán
 em nóng nói chỉ đóng,Cách thanh toán
 chị ơi giờ không biết cách nào tí,Cách thanh toán
 cô mai bây giờ đóng ở đâu chị cho em ở đâu nào,Cách thanh toán
 nhưng mà nộp nộp chỗ nào,Cách thanh toán
 cách nào hả cửa hàng điện thoại,Cách thanh toán
 chỉ thanh toán ở cái gì,Cách thanh toán
 mình thanh toán qua đâu em,Cách thanh toán
 chỉ anh cách đóng đi,Cách thanh toán
 thanh toán như thế nào em,Cách thanh toán
 đóng tiền như nào,Cách thanh toán
 hướng dẫn anh cách đóng tiền đi em,Cách thanh toán
 đóng tiền ở đâu em,Cách thanh toán
 không biết cách thanh toán,Cách thanh toán
 làm sao để thanh toán,Cách thanh toán
 chỉ anh cách đóng tiền đi em,Cách thanh toán
 hôm nay là kỳ mấy rồi,Hỏi kỳ hiện tại
 thế còn mấy kỳ này em ơi,Hỏi kỳ hiện tại
 anh hỏi là anh còn mấy kỳ,Hỏi kỳ hiện tại
 anh hỏi là kỳ này là kỳ thứ mấy rồi,Hỏi kỳ hiện tại
 tổng hợp đồng mấy ngày cuối cùng là 2698000,Hỏi kỳ hiện tại
 em còn một tháng đúng không,Hỏi kỳ hiện tại
 tin này là kỷ thứ bao nhiêu vậy em,Hỏi kỳ hiện tại
 anh còn mấy cái em ơi,Hỏi kỳ hiện tại
 ý anh nói là bây giờ là kỷ thứ mấy rồi,Hỏi kỳ hiện tại
 hôm nay là kỳ bao nhiêu rồi đấy,Hỏi kỳ hiện tại
 cái hợp đồng chị đóng mấy kỳ rồi em,Hỏi kỳ hiện tại
 cái hợp đồng chỉ đóng được rồi em,Hỏi kỳ hiện tại
 cái hợp đồng chị đóng được bao nhiêu rồi em,Hỏi kỳ hiện tại
 chị đang hỏi là ký hợp đồng thì thanh toán được bao nhiêu tháng rồi á,Hỏi kỳ hiện tại
 anh đóng bao nhiêu kỳ rồi em ơi,Hỏi kỳ hiện tại
 nay là kỳ mấy rồi em,Hỏi kỳ hiện tại
 kỳ hiện tại,Hỏi kỳ hiện tại
 kỳ thứ mấy rồi,Hỏi kỳ hiện tại
 đóng bao nhiêu kỳ rồi,Hỏi kỳ hiện tại
 còn mấy kỳ nữa,Hỏi kỳ hiện tại
 tháng cuối chưa em,Hỏi kỳ hiện tại
 tháng thứ bao nhiêu rồi,Hỏi kỳ hiện tại
 alo nghe,Ý định thanh toán
 ủa em của em thanh toán rồi ạ bởi vì hôm qua là tối hôm qua em đi thanh toán trên mô mô không thanh toán được lên là sao vừa nãy tầm ba mươi phút là có người đi thanh toán,Ý định thanh toán
 em đăng bạ điện máy xanh em lại rồi ấy bởi vì nhà em đang nam như thanh toán rồi từ 30 phút trước,Ý định thanh toán
 đúng rồi sáng nay đóng rồi,Ý định thanh toán
 dạ dày,Ý định thanh toán
 ờ đúng em,Ý định thanh toán
 ai vậy,Ý định thanh toán
 nóng rồi,Ý định thanh toán
 đang chuyển chị ơi,Ý định thanh toán
 em  thanh toán  chị ơi,Ý định thanh toán
 rồi để đi để tranh thủ coi,Ý định thanh toán
 rồi chị ơi,Ý định thanh toán
 rồi chị,Ý định thanh toán
 em ạ,Ý định thanh toán
 ủa chị ơi,Ý định thanh toán
 chị ơi,Ý định thanh toán
 em thanh toán,Ý định thanh toán
 dạ em thanh toán chị,Ý định thanh toán
 ngày mai mới tay mà,Ý định thanh toán
 ai gọi đây nó,Ý định thanh toán
 đang nghe máy,Ý định thanh toán
 nói đây chị,Ý định thanh toán
 điện thoại thanh toán ở xã rồi có phiếu rồi mà có phiếu thu tiền rồi,Ý định thanh toán
 ngay rồi mà,Ý định thanh toán
 coi lại đi về kịp thì đóng,Ý định thanh toán
 dạ em,Ý định thanh toán
 sao ạ,Ý định thanh toán
 dạ  ngày 10  em  đóng,Ý định thanh toán
 dạ mồng 10 đóng,Ý định thanh toán
 sao chị,Ý định thanh toán
 cửa hàng viettel  không  em,Ý định thanh toán
 đang nghe,Ý định thanh toán
 trước ngày 10,Ý định thanh toán
 tối mùng 9  mùng 10 đi,Ý định thanh toán
 em đóng trước ngày là được rồi,Ý định thanh toán
 ngày mùng 10 nha chị,Ý định thanh toán
 em  thanh toán cước fpt,Ý định thanh toán
 ừ rồi,Ý định thanh toán
 ngày 9,Ý định thanh toán
 các bách hoá xanh cái giờ đâu có mình đâu có ở đâu được,Ý định thanh toán
 làm gì đấy,Ý định thanh toán
 thanh toán qua kinh từ nãy giờ trả tiền mặt không à,Ý định thanh toán
 bây giờ đi không ra ngoài được chắc là đóng qua khoản ngân hàng,Ý định thanh toán
 cái gì vậy,Ý định thanh toán
 cái gì không,Ý định thanh toán
 nộp bình thường ở vinmart,Ý định thanh toán
 đến hôm mùng 10 đúng mùng 10  thanh toán,Ý định thanh toán
 mùng 10  thanh toán,Ý định thanh toán
 đến ngày 10  thanh toán ạ,Ý định thanh toán
 thanh toán từ từ ngày mồng 10,Ý định thanh toán
 ngày 10,Ý định thanh toán
 ngày 10 đi,Ý định thanh toán
 ngày mồng 10  em ơi,Ý định thanh toán
 ngày mồng 10 đi,Ý định thanh toán
 dạ cũng ngày 10 đi chị,Ý định thanh toán
 Đúng ạ,Ý định thanh toán
 có gì ạ,Ý định thanh toán
 đúng đúng,Ý định thanh toán
 dạ đúng rồi ạ,Ý định thanh toán
 sao thế,Ý định thanh toán
 anh biết rồi nhé,Ý định thanh toán
 không sai đâu,Ý định thanh toán
 ừm,Ý định thanh toán
 anh nha đây nghe đây  có gì không  em ơi,Ý định thanh toán
 Đúng rồi,Ý định thanh toán
 dạ  vâng,Ý định thanh toán
 không sai nha,Ý định thanh toán
 chính xác,Ý định thanh toán
 rồi rồi,Ý định thanh toán
 okay,Ý định thanh toán
 ô kê,Ý định thanh toán
 ok,Ý định thanh toán
 đã bảo là đúng,Ý định thanh toán
 ờ  được được,Ý định thanh toán
 có chuyện gì không chị,Ý định thanh toán
 đúng rồi là tôi đây,Ý định thanh toán
 nói nhanh đi em,Ý định thanh toán
 ờ  có chuyện gì không em,Ý định thanh toán
 em nghe đây có gì không  chị ơi,Ý định thanh toán
 anh đây em nói đi,Ý định thanh toán
 nói đi em,Ý định thanh toán
 nói đi,Ý định thanh toán
 có chuyện gì không,Ý định thanh toán
 có gì không,Ý định thanh toán
 là anh đây,Ý định thanh toán
 em nghe đây chị,Ý định thanh toán
 anh nghe đây có chuyện gì không,Ý định thanh toán
 anh đây,Ý định thanh toán
 anh  biết,Ý định thanh toán
 biết  em,Ý định thanh toán
 anh  quen  em,Ý định thanh toán
 có  biết ạ,Ý định thanh toán
 có quen ạ,Ý định thanh toán
 dũng,Ý định thanh toán
 ừ  đúng rồi em ơi,Ý định thanh toán
 ừ  em,Ý định thanh toán
 từ đúng rồi em ơi,Ý định thanh toán
 được rồi,Ý định thanh toán
 đúng rồi mà,Ý định thanh toán
 ừ đúng rồi em,Ý định thanh toán
 đúng vậy,Ý định thanh toán
 được  em nhớ,Ý định thanh toán
 được em nhé,Ý định thanh toán
 ừ,Ý định thanh toán
 con ngân hàng,Ý định thanh toán
 chuyển khoản thế nhá,Ý định thanh toán
 anh vào thế giới di động ,Ý định thanh toán
 mai được không,Ý định thanh toán
 mai được không em,Ý định thanh toán
 à chắc là mai thôi không có,Ý định thanh toán
 vâng có gì để em ra thanh toán ạ,Ý định thanh toán
 anh chuyển tiền qua ngân hàng nhé,Ý định thanh toán
 ok  chị  thanh toán luôn,Ý định thanh toán
 được  em nhầm,Ý định thanh toán
 tính đóng bằng cách chuyển khoản,Ý định thanh toán
 à chắc là mai thôi không có không kịp rồi,Ý định thanh toán
 để ngày kia anh đóng em nhé,Ý định thanh toán
 được  được  được,Ý định thanh toán
 à vậy hôm nay  anh  đóng nha,Ý định thanh toán
 anh  chuyển khoản rồi mà em,Ý định thanh toán
 Chắc là để vài hôm nữa rồi anh ra anh đóng nhé,Ý định thanh toán
 thứ 2  anh  đóng,Ý định thanh toán
 mai  anh  trả được không em,Ý định thanh toán
 ngày 5  anh đóng,Ý định thanh toán
 tuần trước,Ý định thanh toán
 anh  thanh toán ở điện máy xanh đi,Ý định thanh toán
 mình  thanh toán qua thẻ ngân hàng,Ý định thanh toán
 anh đang trực tiếp,Ý định thanh toán
 anh  thanh toán qua thẻ,Ý định thanh toán
 thanh toán  tiền mặt được không,Ý định thanh toán
 thanh toán  trực tiếp luôn,Ý định thanh toán
 20 tháng 8,Ý định thanh toán
 chị  đóng  hôm qua rồi,Ý định thanh toán
 chị sẽ thanh toán qua Internet Banking nha,Ý định thanh toán
 thanh toán qua bưu điện nha,Ý định thanh toán
 ra bưu điện  thanh toán nha,Ý định thanh toán
 để qua bưu điện rồi trả luôn,Ý định thanh toán
 chuyển khoản chắc được ha,Ý định thanh toán
 gửi onepay  được ha,Ý định thanh toán
 chuyển khoản  ngân hàng,Ý định thanh toán
 ừ chắc là tao  điện máy xanh đi em,Ý định thanh toán
 em có đóng tiền qua bên ATM,Ý định thanh toán
 ngân hàng nha em,Ý định thanh toán
 chiều  anh  trả ngay nha,Ý định thanh toán
 Lát  anh  thanh toán luôn nha,Ý định thanh toán
 lát  anh ra thế giới di động  anh  đóng luôn,Ý định thanh toán
 chiều nay  anh đóng luôn,Ý định thanh toán
 bây giờ  đóng luôn nè,Ý định thanh toán
 được nha chiều anh trả luôn đấy,Ý định thanh toán
 chiều trả,Ý định thanh toán
 một tiếng nữa  đóng,Ý định thanh toán
 anh  đang đóng,Ý định thanh toán
 anh  đang đi  đóng tiền cho em đây,Ý định thanh toán
  được nhưng mà gấp thế này lần sau anh không đồng ý đâu nhé,Ý định thanh toán
 ngày kia  mình  đóng nha,Ý định thanh toán
 khoảng hai hôm nữa  anh ạ,Ý định thanh toán
 rồi bữa mai bữa kia,Ý định thanh toán
 rồi rồi từ từ ít hôm anh trả,Ý định thanh toán
 tháng này đóng trễ,Ý định thanh toán
 hẹn ngày khác được không ta,Ý định thanh toán
 cho anh sang tháng  đóng nha,Ý định thanh toán
 để qua tháng rồi anh đóng luôn nha,Ý định thanh toán
 sang tháng  đóng luôn được không,Ý định thanh toán
 một tuần nữa rồi anh  đóng nha,Ý định thanh toán
 cho anh  trễ thêm một tuần nữa nha,Ý định thanh toán
 ba bốn ngày gì đó rồi anh đủ tiền đóng,Ý định thanh toán
 cho anh  trễ tới giữa tháng nha,Ý định thanh toán
 cho anh  giữa tháng  đóng được không,Ý định thanh toán
 tuần tới rồi đóng được không,Ý định thanh toán
 để sang tuần rồi đóng nha em,Ý định thanh toán
 cho anh  đóng  trễ  mấy hôm nữa đi,Ý định thanh toán
 cái tiền đấy chị  đóng rồi mà,Ý định thanh toán
 chị  đem rồi hồi tối hôm qua,Ý định thanh toán
 anh  đóng rồi mà sao tụi em đòi hoài vậy,Ý định thanh toán
 anh  thanh toán rồi mà em ơi,Ý định thanh toán
 đã thanh toán nha,Ý định thanh toán
 ủa trả rồi mà ta,Ý định thanh toán
 thanh toán rồi đó,Ý định thanh toán
 thế để anh  đóng,Ý định thanh toán
 anh  nóng  momo,Ý định thanh toán
 momo  em,Ý định thanh toán
 anh  thanh toán  ví điện tử,Ý định thanh toán
 mai  anh  đóng,Ý định thanh toán
 anh  thanh toán qua momo rồi,Ý định thanh toán
 ngày 18 anh cũng được không,Ý định thanh toán
 mai  trả  em ơi,Ý định thanh toán
 anh  thanh toán qua chuyển khoản nha,Ý định thanh toán
  anh  thanh toán  momo nha,Ý định thanh toán
 để ngày mai,Ý định thanh toán
 là ngày hôm nay nè,Ý định thanh toán
 anh thanh toán zalo pay nha,Ý định thanh toán
 thanh toán  momo nha,Ý định thanh toán
 anh  thanh toán bằng chuyển khoản nhanh,Ý định thanh toán
 anh  thanh toán  chuyển khoản,Ý định thanh toán
 ngày mai  em,Ý định thanh toán
 vậy ngày mai  em đó,Ý định thanh toán
 thanh toán rồi  mày,Ý định thanh toán
 để qua tuần  anh  đóng,Ý định thanh toán
 mai đi em,Ý định thanh toán
 để ngày mai  em đóng không em,Ý định thanh toán
 ở gần anh tối hôm qua rồi,Ý định thanh toán
 anh  thanh toán  tối nay rồi em ơi,Ý định thanh toán
 anh  chuyển khoản cho,Ý định thanh toán
 chút nữa được không em,Ý định thanh toán
 để chiều nha,Ý định thanh toán
 hôm nay  được  em,Ý định thanh toán
 anh  chuyển khoản chớ,Ý định thanh toán
 chuyển khoản  em ơi,Ý định thanh toán
 anh  đóng tiền  hôm qua rồi,Ý định thanh toán
 được chứ,Ý định thanh toán
 ờ  hôm nay  thanh toán em ơi,Ý định thanh toán
 ờ  hôm nay đi,Ý định thanh toán
 anh biết rồi,Ý định thanh toán
 em chuyển khoản cho,Ý định thanh toán
 qua tuần đi em,Ý định thanh toán
 ờ  hôm nay,Ý định thanh toán
 hôm nay rồi em,Ý định thanh toán
 lúc tối nay,Ý định thanh toán
 hôm nay  em  đóng tiền rồi nhé,Ý định thanh toán
 anh bảo là anh  đóng rồi,Ý định thanh toán
 ngày mai  anh trả,Ý định thanh toán
 để mai đóng,Ý định thanh toán
 chiều mai ra trả,Ý định thanh toán
 sáng mai ra đóng,Ý định thanh toán
 à được,Ý định thanh toán
 ok  mai cả đi,Ý định thanh toán
 ok  mai trả đi,Ý định thanh toán
 đóng ở fpt shop,Ý định thanh toán
 anh  chuyển khoản,Ý định thanh toán
 đóng tại ATM,Ý định thanh toán
 nộp tiền ở bưu điện,Ý định thanh toán
 điện máy xanh,Ý định thanh toán
 thế giới di động,Ý định thanh toán
 trả qua internet banking,Ý định thanh toán
 chuyển khoản rồi em,Ý định thanh toán
 đóng tối trước,Ý định thanh toán
 đóng hôm kia rồi,Ý định thanh toán
 đóng cách đây ba ngày,Ý định thanh toán
 thanh toán từ sáng kia,Ý định thanh toán
 hôm qua đi đóng rồi,Ý định thanh toán
 đóng hai ngày trước rồi em,Ý định thanh toán
 lát nữa,Ý định thanh toán
 sáng nay,Ý định thanh toán
 ờ mai trả,Ý định thanh toán
 anh đóng trưa qua rồi mà,Ý định thanh toán
 tối qua anh đóng rồi,Ý định thanh toán
 anh đóng hôm kia rồi em ạ,Ý định thanh toán
 anh  trả hôm qua rồi mà em,Ý định thanh toán
 để lát nữa trả,Ý định thanh toán
 chút nữa  anh  đóng,Ý định thanh toán
 có gì mai trả,Ý định thanh toán
 mai anh đóng nha,Ý định thanh toán
 lát  anh  trả,Ý định thanh toán
 em kiểm tra lại anh  đóng rồi mà,Ý định thanh toán
 cái này anh  đóng rồi mà em,Ý định thanh toán
 rồi mà,Ý định thanh toán
 anh  thanh toán rồi,Ý định thanh toán
 anh  đóng rồi  em,Ý định thanh toán
 em có đóng rồi  chị,Ý định thanh toán
 chiều  anh  đóng,Ý định thanh toán
 lãi phạt như nào em ơi,Hỏi lãi phạt
 lãi phạt quá hạn bên em là bao nhiêu,Hỏi lãi phạt
 cho anh hỏi lãi quá hạn bên em như nào,Hỏi lãi phạt
 lãi phạt như nào em,Hỏi lãi phạt
 phí phạt quá hạn thì như thế nào,Hỏi lãi phạt
 lãi phạt như thế nào,Hỏi lãi phạt
 Phạt bao nhiêu,Hỏi lãi phạt
